Topik,Keywords
0,"human, activities, accuracy, encoding, network, framework, performance, feature, features, cortex"
1,"fmri, space, stimuli, activity, training, eeg, latent, signals, human, features"
2,"eeg, feature, encoding, high, stimulus, imaging, noise, framework, signals, performance"
3,"speech, activity, cortex, motor, stimuli, single, neurons, field, population, communication"
4,"imagery, eeg, proposed, channel, network, self, mental, source, decoder, trained"
5,"method, encoding, fmri, attention, human, deep, stimuli, proposed, activity, natural"
6,"representations, cortex, memory, control, cognitive, research, variability, patterns, activity, network"
7,"natural, perceptual, quality, similarity, network, algorithm, ssim, features, signals, high"
8,"eeg, signals, representation, depth, insights, work, multimodal, modalities, focus, comprehensive"
9,"fmri, semantic, features, deep, natural, level, stimulus, learning, functional, latent"
